index,name,hue,value,chroma,R,G,B
0,2.5R2/2,2.5R,2.0,2,63,39,41
1,2.5R3/2,2.5R,3.0,2,91,64,64
2,2.5R4/2,2.5R,4.0,2,117,93,94
3,2.5R5/2,2.5R,5.0,2,141,119,119
4,2.5R6/2,2.5R,6.0,2,168,146,146
5,2.5R7/2,2.5R,7.0,2,196,174,174
6,2.5R8/2,2.5R,8.0,2,222,203,203
7,2.5R9/2,2.5R,9.0,2,247,228,228
8,2.5R2/4,2.5R,2.0,4,78,36,44
9,2.5R3/4,2.5R,3.0,4,107,59,64
10,2.5R4/4,2.5R,4.0,4,133,85,89
11,2.5R5/4,2.5R,5.0,4,158,114,116
12,2.5R6/4,2.5R,6.0,4,185,140,141
13,2.5R7/4,2.5R,7.0,4,212,168,168
14,2.5R8/4,2.5R,8.0,4,241,193,193
15,2.5R2/6,2.5R,2.0,6,85,27,44
16,2.5R3/6,2.5R,3.0,6,117,48,58
17,2.5R4/6,2.5R,4.0,6,141,72,78
18,2.5R5/6,2.5R,5.0,6,172,104,109
19,2.5R6/6,2.5R,6.0,6,202,132,134
20,2.5R7/6,2.5R,7.0,6,228,159,160
21,2.5R8/6,2.5R,8.0,6,260,185,186
22,2.5R2/8,2.5R,2.0,8,98,14,44
23,2.5R3/8,2.5R,3.0,8,129,38,55
24,2.5R4/8,2.5R,4.0,8,158,69,81
25,2.5R5/8,2.5R,5.0,8,185,97,105
26,2.5R6/8,2.5R,6.0,8,213,125,130
27,2.5R7/8,2.5R,7.0,8,245,151,154
28,2.5R3/10,2.5R,3.0,10,141,16,52
29,2.5R4/10,2.5R,4.0,10,169,56,75
30,2.5R5/10,2.5R,5.0,10,199,87,99
31,2.5R6/10,2.5R,6.0,10,227,115,122
32,2.5R4/12,2.5R,4.0,12,181,40,71
33,2.5R5/12,2.5R,5.0,12,212,75,96
34,2.5R6/12,2.5R,6.0,12,240,106,119
35,2.5R4/14,2.5R,4.0,14,191,19,71
36,2.5R5/14,2.5R,5.0,14,222,58,91
37,5R2/2,5R,2.0,2,67,44,45
38,5R3/2,5R,3.0,2,93,64,64
39,5R4/2,5R,4.0,2,119,92,90
40,5R5/2,5R,5.0,2,141,119,117
41,5R6/2,5R,6.0,2,171,146,144
42,5R7/2,5R,7.0,2,194,171,169
43,5R8/2,5R,8.0,2,222,203,200
44,5R9/2,5R,9.0,2,251,230,228
45,5R2/4,5R,2.0,4,78,36,42
46,5R3/4,5R,3.0,4,109,60,60
47,5R4/4,5R,4.0,4,134,84,83
48,5R5/4,5R,5.0,4,160,111,108
49,5R6/4,5R,6.0,4,182,137,134
50,5R7/4,5R,7.0,4,212,165,162
51,5R8/4,5R,8.0,4,241,193,189
52,5R2/6,5R,2.0,6,85,19,30
53,5R3/6,5R,3.0,6,120,51,54
54,5R4/6,5R,4.0,6,145,76,75
55,5R5/6,5R,5.0,6,173,104,101
56,5R6/6,5R,6.0,6,200,132,128
57,5R7/6,5R,7.0,6,224,155,150
58,5R8/6,5R,8.0,6,256,184,178
59,5R2/8,5R,2.0,8,96,7,31
60,5R3/8,5R,3.0,8,127,40,47
61,5R4/8,5R,4.0,8,159,67,68
62,5R5/8,5R,5.0,8,186,95,93
63,5R6/8,5R,6.0,8,212,120,116
64,5R7/8,5R,7.0,8,248,152,146
65,5R3/10,5R,3.0,10,141,24,41
66,5R4/10,5R,4.0,10,171,56,60
67,5R5/10,5R,5.0,10,198,86,86
68,5R6/10,5R,6.0,10,227,113,111
69,5R7/10,5R,7.0,10,257,141,135
70,5R4/12,5R,4.0,12,182,44,54
71,5R5/12,5R,5.0,12,211,73,75
72,5R6/12,5R,6.0,12,239,105,103
73,5R4/14,5R,4.0,14,188,12,43
74,5R5/14,5R,5.0,14,225,64,73
75,5R2/1,5R,2.0,1,60,46,45
76,5R3/1,5R,3.0,1,84,69,69
77,5R4/1,5R,4.0,1,108,93,90
78,5R5/1,5R,5.0,1,133,120,118
79,5R6/1,5R,6.0,1,161,147,146
80,5R7/1,5R,7.0,1,187,175,174
81,5R8/1,5R,8.0,1,214,203,202
82,5R9/1,5R,9.0,1,243,230,230
83,7.5R2/2,7.5R,2.0,2,70,51,51
84,7.5R3/2,7.5R,3.0,2,97,67,63
85,7.5R4/2,7.5R,4.0,2,118,91,87
86,7.5R5/2,7.5R,5.0,2,141,119,116
87,7.5R6/2,7.5R,6.0,2,167,144,139
88,7.5R7/2,7.5R,7.0,2,196,173,169
89,7.5R8/2,7.5R,8.0,2,218,198,194
90,7.5R9/2,7.5R,9.0,2,248,225,221
91,7.5R2/4,7.5R,2.0,4,77,34,32
92,7.5R3/4,7.5R,3.0,4,107,59,52
93,7.5R4/4,7.5R,4.0,4,136,85,78
94,7.5R5/4,7.5R,5.0,4,158,112,105
95,7.5R6/4,7.5R,6.0,4,183,136,127
96,7.5R7/4,7.5R,7.0,4,212,165,156
97,7.5R8/4,7.5R,8.0,4,242,193,183
98,7.5R2/6,7.5R,2.0,6,88,26,27
99,7.5R3/6,7.5R,3.0,6,120,52,44
100,7.5R4/6,7.5R,4.0,6,147,80,70
101,7.5R5/6,7.5R,5.0,6,175,106,94
102,7.5R6/6,7.5R,6.0,6,201,132,119
103,7.5R7/6,7.5R,7.0,6,231,160,145
104,7.5R8/6,7.5R,8.0,6,259,185,170
105,7.5R2/8,7.5R,2.0,8,98,12,23
106,7.5R3/8,7.5R,3.0,8,129,40,33
107,7.5R4/8,7.5R,4.0,8,160,69,58
108,7.5R5/8,7.5R,5.0,8,188,97,83
109,7.5R6/8,7.5R,6.0,8,214,125,109
110,7.5R7/8,7.5R,7.0,8,249,151,134
111,7.5R3/10,7.5R,3.0,10,139,27,26
112,7.5R4/10,7.5R,4.0,10,173,60,49
113,7.5R5/10,7.5R,5.0,10,201,89,74
114,7.5R6/10,7.5R,6.0,10,229,116,96
115,7.5R7/10,7.5R,7.0,10,261,142,122
116,7.5R3/12,7.5R,3.0,12,154,-4,19
117,7.5R4/12,7.5R,4.0,12,178,49,38
118,7.5R5/12,7.5R,5.0,12,209,76,60
119,7.5R6/12,7.5R,6.0,12,244,108,85
120,7.5R4/14,7.5R,4.0,14,189,26,19
121,7.5R5/14,7.5R,5.0,14,222,64,48
122,7.5R4/16,7.5R,4.0,16,198,-9,12
123,7.5R5/16,7.5R,5.0,16,235,49,37
124,10R2/2,10R,2.0,2,64,41,36
125,10R3/2,10R,3.0,2,94,66,60
126,10R4/2,10R,4.0,2,119,92,85
127,10R5/2,10R,5.0,2,143,119,111
128,10R6/2,10R,6.0,2,172,147,140
129,10R7/2,10R,7.0,2,199,175,168
130,10R8/2,10R,8.0,2,226,204,197
131,10R9/2,10R,9.0,2,251,228,222
132,10R2/4,10R,2.0,4,79,37,31
133,10R3/4,10R,3.0,4,106,60,48
134,10R4/4,10R,4.0,4,135,87,73
135,10R5/4,10R,5.0,4,158,113,100
136,10R6/4,10R,6.0,4,186,139,123
137,10R7/4,10R,7.0,4,212,166,150
138,10R8/4,10R,8.0,4,243,193,176
139,10R2/6,10R,2.0,6,87,28,21
140,10R3/6,10R,3.0,6,116,52,38
141,10R4/6,10R,4.0,6,145,78,59
142,10R5/6,10R,5.0,6,173,105,83
143,10R6/6,10R,6.0,6,198,132,111
144,10R7/6,10R,7.0,6,228,160,136
145,10R8/6,10R,8.0,6,258,185,159
146,10R3/8,10R,3.0,8,126,43,25
147,10R4/8,10R,4.0,8,156,69,42
148,10R5/8,10R,5.0,8,185,99,71
149,10R6/8,10R,6.0,8,212,126,96
150,10R7/8,10R,7.0,8,247,152,121
151,10R3/10,10R,3.0,10,135,31,6
152,10R4/10,10R,4.0,10,167,63,30
153,10R5/10,10R,5.0,10,197,89,48
154,10R6/10,10R,6.0,10,228,120,83
155,10R7/10,10R,7.0,10,258,145,105
156,10R4/12,10R,4.0,12,174,56,15
157,10R5/12,10R,5.0,12,205,81,30
158,10R6/12,10R,6.0,12,238,111,60
159,10R5/14,10R,5.0,14,214,74,7
160,10R6/14,10R,6.0,14,249,103,42
161,10R5/16,10R,5.0,16,228,65,-30
162,10R2/1,10R,2.0,1,61,48,46
163,10R3/1,10R,3.0,1,85,68,64
164,10R4/1,10R,4.0,1,111,96,92
165,10R5/1,10R,5.0,1,134,122,118
166,10R6/1,10R,6.0,1,160,146,142
167,10R7/1,10R,7.0,1,188,174,170
168,10R8/1,10R,8.0,1,215,203,200
169,10R9/1,10R,9.0,1,244,230,226
170,2.5YR2/2,2.5YR,2.0,2,62,42,36
171,2.5YR3/2,2.5YR,3.0,2,89,62,50
172,2.5YR4/2,2.5YR,4.0,2,118,91,81
173,2.5YR5/2,2.5YR,5.0,2,145,120,110
174,2.5YR6/2,2.5YR,6.0,2,174,149,138
175,2.5YR7/2,2.5YR,7.0,2,198,174,164
176,2.5YR8/2,2.5YR,8.0,2,222,201,191
177,2.5YR9/2,2.5YR,9.0,2,252,229,218
178,2.5YR2/4,2.5YR,2.0,4,79,41,32
179,2.5YR3/4,2.5YR,3.0,4,105,62,46
180,2.5YR4/4,2.5YR,4.0,4,130,87,69
181,2.5YR5/4,2.5YR,5.0,4,157,113,93
182,2.5YR6/4,2.5YR,6.0,4,184,140,118
183,2.5YR7/4,2.5YR,7.0,4,212,166,145
184,2.5YR8/4,2.5YR,8.0,4,241,194,171
185,2.5YR3/6,2.5YR,3.0,6,114,55,29
186,2.5YR4/6,2.5YR,4.0,6,142,82,55
187,2.5YR5/6,2.5YR,5.0,6,170,107,77
188,2.5YR6/6,2.5YR,6.0,6,198,131,100
189,2.5YR7/6,2.5YR,7.0,6,226,160,128
190,2.5YR8/6,2.5YR,8.0,6,257,187,153
191,2.5YR3/8,2.5YR,3.0,8,124,49,14
192,2.5YR4/8,2.5YR,4.0,8,152,76,36
193,2.5YR5/8,2.5YR,5.0,8,186,102,61
194,2.5YR6/8,2.5YR,6.0,8,215,131,89
195,2.5YR7/8,2.5YR,7.0,8,245,157,113
196,2.5YR4/10,2.5YR,4.0,10,162,70,15
197,2.5YR5/10,2.5YR,5.0,10,194,95,39
198,2.5YR6/10,2.5YR,6.0,10,222,121,65
199,2.5YR7/10,2.5YR,7.0,10,254,151,94
200,2.5YR5/12,2.5YR,5.0,12,200,90,12
201,2.5YR6/12,2.5YR,6.0,12,238,119,44
202,2.5YR7/12,2.5YR,7.0,12,271,144,69
203,2.5YR5/14,2.5YR,5.0,14,212,90,-45
204,2.5YR6/14,2.5YR,6.0,14,241,107,-8
205,2.5YR6/16,2.5YR,6.0,16,248,107,-49
206,5YR2/2,5YR,2.0,2,65,47,38
207,5YR3/2,5YR,3.0,2,89,67,55
208,5YR4/2,5YR,4.0,2,117,94,81
209,5YR5/2,5YR,5.0,2,141,119,108
210,5YR6/2,5YR,6.0,2,169,145,128
211,5YR7/2,5YR,7.0,2,199,174,160
212,5YR8/2,5YR,8.0,2,222,201,188
213,5YR9/2,5YR,9.0,2,254,228,212
214,5YR2/4,5YR,2.0,4,76,40,22
215,5YR3/4,5YR,3.0,4,102,62,42
216,5YR4/4,5YR,4.0,4,131,89,64
217,5YR5/4,5YR,5.0,4,154,112,89
218,5YR6/4,5YR,6.0,4,183,142,116
219,5YR7/4,5YR,7.0,4,213,169,140
220,5YR8/4,5YR,8.0,4,242,195,165
221,5YR3/6,5YR,3.0,6,111,59,26
222,5YR4/6,5YR,4.0,6,141,84,46
223,5YR5/6,5YR,5.0,6,170,110,71
224,5YR6/6,5YR,6.0,6,198,138,93
225,5YR7/6,5YR,7.0,6,225,164,118
226,5YR8/6,5YR,8.0,6,254,191,145
227,5YR4/8,5YR,4.0,8,148,80,32
228,5YR5/8,5YR,5.0,8,176,103,48
229,5YR6/8,5YR,6.0,8,206,130,74
230,5YR7/8,5YR,7.0,8,238,160,103
231,5YR8/8,5YR,8.0,8,272,187,122
232,5YR5/10,5YR,5.0,10,186,101,24
233,5YR6/10,5YR,6.0,10,216,128,51
234,5YR7/10,5YR,7.0,10,246,154,78
235,5YR5/12,5YR,5.0,12,192,100,-12
236,5YR6/12,5YR,6.0,12,223,124,4
237,5YR7/12,5YR,7.0,12,258,152,52
238,5YR6/14,5YR,6.0,14,232,122,-43
239,5YR7/14,5YR,7.0,14,267,149,-13
240,5YR2/1,5YR,2.0,1,61,48,43
241,5YR3/1,5YR,3.0,1,82,69,62
242,5YR4/1,5YR,4.0,1,108,96,89
243,5YR5/1,5YR,5.0,1,135,122,115
244,5YR6/1,5YR,6.0,1,163,149,142
245,5YR7/1,5YR,7.0,1,186,174,168
246,5YR8/1,5YR,8.0,1,215,202,194
247,5YR9/1,5YR,9.0,1,244,231,224
248,7.5YR2/2,7.5YR,2.0,2,63,44,31
249,7.5YR3/2,7.5YR,3.0,2,88,67,52
250,7.5YR4/2,7.5YR,4.0,2,115,93,76
251,7.5YR5/2,7.5YR,5.0,2,143,121,105
252,7.5YR6/2,7.5YR,6.0,2,170,149,133
253,7.5YR7/2,7.5YR,7.0,2,199,176,158
254,7.5YR8/2,7.5YR,8.0,2,227,205,185
255,7.5YR9/2,7.5YR,9.0,2,252,230,209
256,7.5YR2/4,7.5YR,2.0,4,83,53,31
257,7.5YR3/4,7.5YR,3.0,4,98,65,35
258,7.5YR4/4,7.5YR,4.0,4,129,91,60
259,7.5YR5/4,7.5YR,5.0,4,153,117,87
260,7.5YR6/4,7.5YR,6.0,4,182,145,111
261,7.5YR7/4,7.5YR,7.0,4,210,171,139
262,7.5YR8/4,7.5YR,8.0,4,239,197,159
263,7.5YR3/6,7.5YR,3.0,6,107,63,19
264,7.5YR4/6,7.5YR,4.0,6,136,87,37
265,7.5YR5/6,7.5YR,5.0,6,167,114,62
266,7.5YR6/6,7.5YR,6.0,6,196,140,89
267,7.5YR7/6,7.5YR,7.0,6,222,168,114
268,7.5YR8/6,7.5YR,8.0,6,252,194,139
269,7.5YR4/8,7.5YR,4.0,8,141,83,20
270,7.5YR5/8,7.5YR,5.0,8,174,109,42
271,7.5YR6/8,7.5YR,6.0,8,206,138,67
272,7.5YR7/8,7.5YR,7.0,8,237,167,94
273,7.5YR8/8,7.5YR,8.0,8,262,190,116
274,7.5YR5/10,7.5YR,5.0,10,179,107,11
275,7.5YR6/10,7.5YR,6.0,10,214,136,38
276,7.5YR7/10,7.5YR,7.0,10,245,163,66
277,7.5YR8/10,7.5YR,8.0,10,272,187,92
278,7.5YR6/12,7.5YR,6.0,12,216,130,-21
279,7.5YR7/12,7.5YR,7.0,12,250,158,33
280,7.5YR6/14,7.5YR,6.0,14,230,137,-69
281,7.5YR7/14,7.5YR,7.0,14,257,156,-60
282,7.5YR7/16,7.5YR,7.0,16,268,159,-117
283,10YR2/2,10YR,2.0,2,61,48,34
284,10YR3/2,10YR,3.0,2,85,68,51
285,10YR4/2,10YR,4.0,2,112,94,73
286,10YR5/2,10YR,5.0,2,142,123,103
287,10YR6/2,10YR,6.0,2,168,150,130
288,10YR7/2,10YR,7.0,2,197,179,157
289,10YR8/2,10YR,8.0,2,226,206,182
290,10YR9/2,10YR,9.0,2,253,235,209
291,10YR3/4,10YR,3.0,4,94,66,34
292,10YR4/4,10YR,4.0,4,123,92,55
293,10YR5/4,10YR,5.0,4,152,119,81
294,10YR6/4,10YR,6.0,4,178,145,105
295,10YR7/4,10YR,7.0,4,207,171,129
296,10YR8/4,10YR,8.0,4,235,201,155
297,10YR9/4,10YR,9.0,4,263,229,182
298,10YR3/6,10YR,3.0,6,94,64,23
299,10YR4/6,10YR,4.0,6,130,90,33
300,10YR5/6,10YR,5.0,6,158,113,53
301,10YR6/6,10YR,6.0,6,186,142,82
302,10YR7/6,10YR,7.0,6,215,168,104
303,10YR8/6,10YR,8.0,6,246,199,131
304,10YR4/8,10YR,4.0,8,141,92,0
305,10YR5/8,10YR,5.0,8,166,112,26
306,10YR6/8,10YR,6.0,8,194,138,52
307,10YR7/8,10YR,7.0,8,221,165,79
308,10YR8/8,10YR,8.0,8,253,195,101
309,10YR5/10,10YR,5.0,10,172,112,-16
310,10YR6/10,10YR,6.0,10,200,137,20
311,10YR7/10,10YR,7.0,10,232,164,48
312,10YR8/10,10YR,8.0,10,261,191,77
313,10YR6/12,10YR,6.0,12,202,135,-54
314,10YR7/12,10YR,7.0,12,234,160,-9
315,10YR8/12,10YR,8.0,12,266,190,45
316,10YR7/14,10YR,7.0,14,239,161,-113
317,10YR8/14,10YR,8.0,14,268,185,-76
318,10YR2/1,10YR,2.0,1,54,46,38
319,10YR3/1,10YR,3.0,1,80,70,60
320,10YR4/1,10YR,4.0,1,107,96,84
321,10YR5/1,10YR,5.0,1,132,123,113
322,10YR6/1,10YR,6.0,1,160,150,138
323,10YR7/1,10YR,7.0,1,186,176,165
324,10YR8/1,10YR,8.0,1,214,203,190
325,10YR9/1,10YR,9.0,1,243,233,221
326,2.5Y2/2,2.5Y,2.0,2,58,47,30
327,2.5Y3/2,2.5Y,3.0,2,83,70,51
328,2.5Y4/2,2.5Y,4.0,2,111,96,73
329,2.5Y5/2,2.5Y,5.0,2,138,124,100
330,2.5Y6/2,2.5Y,6.0,2,165,151,124
331,2.5Y7/2,2.5Y,7.0,2,193,178,151
332,2.5Y8/2,2.5Y,8.0,2,221,206,180
333,2.5Y8.5/2,2.5Y,8.5,2,236,222,194
334,2.5Y9/2,2.5Y,9.0,2,247,234,205
335,2.5Y3/4,2.5Y,3.0,4,91,71,36
336,2.5Y4/4,2.5Y,4.0,4,118,93,50
337,2.5Y5/4,2.5Y,5.0,4,147,121,74
338,2.5Y6/4,2.5Y,6.0,4,173,148,102
339,2.5Y7/4,2.5Y,7.0,4,203,175,127
340,2.5Y8/4,2.5Y,8.0,4,229,204,152
341,2.5Y8.5/4,2.5Y,8.5,4,242,216,163
342,2.5Y9/4,2.5Y,9.0,4,258,232,174
343,2.5Y4/6,2.5Y,4.0,6,123,94,24
344,2.5Y5/6,2.5Y,5.0,6,150,116,44
345,2.5Y6/6,2.5Y,6.0,6,180,145,74
346,2.5Y7/6,2.5Y,7.0,6,210,174,100
347,2.5Y8/6,2.5Y,8.0,6,238,202,126
348,2.5Y8.5/6,2.5Y,8.5,6,256,217,135
349,2.5Y5/8,2.5Y,5.0,8,156,116,15
350,2.5Y6/8,2.5Y,6.0,8,187,145,40
351,2.5Y7/8,2.5Y,7.0,8,217,172,70
352,2.5Y8/8,2.5Y,8.0,8,248,201,95
353,2.5Y8.5/8,2.5Y,8.5,8,261,216,112
354,2.5Y6/10,2.5Y,6.0,10,192,144,-16
355,2.5Y7/10,2.5Y,7.0,10,221,169,30
356,2.5Y8/10,2.5Y,8.0,10,253,196,65
357,2.5Y8.5/10,2.5Y,8.5,10,269,214,78
358,2.5Y7/12,2.5Y,7.0,12,225,168,-66
359,2.5Y8/12,2.5Y,8.0,12,258,197,-3
360,2.5Y8.5/12,2.5Y,8.5,12,269,207,4
361,2.5Y8/14,2.5Y,8.0,14,263,199,-116
362,2.5Y8/16,2.5Y,8.0,16,265,196,-203
363,5Y2/2,5Y,2.0,2,56,49,31
364,5Y3/2,5Y,3.0,2,81,72,52
365,5Y4/2,5Y,4.0,2,107,96,70
366,5Y5/2,5Y,5.0,2,134,125,101
367,5Y6/2,5Y,6.0,2,162,153,126
368,5Y7/2,5Y,7.0,2,189,180,150
369,5Y8/2,5Y,8.0,2,217,207,173
370,5Y8.5/2,5Y,8.5,2,231,221,190
371,5Y9/2,5Y,9.0,2,245,234,202
372,5Y3/4,5Y,3.0,4,85,71,32
373,5Y4/4,5Y,4.0,4,116,98,51
374,5Y5/4,5Y,5.0,4,141,123,71
375,5Y6/4,5Y,6.0,4,166,150,97
376,5Y7/4,5Y,7.0,4,196,178,121
377,5Y8/4,5Y,8.0,4,220,204,147
378,5Y8.5/4,5Y,8.5,4,236,217,159
379,5Y9/4,5Y,9.0,4,252,233,172
380,5Y4/6,5Y,4.0,6,116,94,23
381,5Y5/6,5Y,5.0,6,147,123,47
382,5Y6/6,5Y,6.0,6,173,148,69
383,5Y7/6,5Y,7.0,6,201,178,96
384,5Y8/6,5Y,8.0,6,232,206,121
385,5Y8.5/6,5Y,8.5,6,245,220,133
386,5Y9/6,5Y,9.0,6,259,234,143
387,5Y5/8,5Y,5.0,8,148,120,-1
388,5Y6/8,5Y,6.0,8,176,148,35
389,5Y7/8,5Y,7.0,8,205,173,60
390,5Y8/8,5Y,8.0,8,236,205,91
391,5Y8.5/8,5Y,8.5,8,248,218,99
392,5Y6/10,5Y,6.0,10,180,147,-37
393,5Y7/10,5Y,7.0,10,211,175,23
394,5Y8/10,5Y,8.0,10,237,202,52
395,5Y8.5/10,5Y,8.5,10,252,217,67
396,5Y7/12,5Y,7.0,12,208,172,-82
397,5Y8/12,5Y,8.0,12,242,203,-41
398,5Y8.5/12,5Y,8.5,12,263,217,-29
399,5Y8/14,5Y,8.0,14,242,199,-166
400,5Y8/16,5Y,8.0,16,259,215,-138
401,5Y2/1,5Y,2.0,1,51,46,35
402,5Y3/1,5Y,3.0,1,78,74,62
403,5Y4/1,5Y,4.0,1,106,100,87
404,5Y5/1,5Y,5.0,1,127,123,110
405,5Y6/1,5Y,6.0,1,158,152,138
406,5Y7/1,5Y,7.0,1,185,180,167
407,5Y8/1,5Y,8.0,1,211,205,191
408,5Y9/1,5Y,9.0,1,242,235,215
409,7.5Y2/2,7.5Y,2.0,2,53,49,32
410,7.5Y3/2,7.5Y,3.0,2,75,70,49
411,7.5Y4/2,7.5Y,4.0,2,106,99,71
412,7.5Y5/2,7.5Y,5.0,2,133,126,99
413,7.5Y6/2,7.5Y,6.0,2,161,154,125
414,7.5Y7/2,7.5Y,7.0,2,188,181,149
415,7.5Y8/2,7.5Y,8.0,2,215,208,175
416,7.5Y8.5/2,7.5Y,8.5,2,229,224,188
417,7.5Y9/2,7.5Y,9.0,2,242,234,200
418,7.5Y3/4,7.5Y,3.0,4,82,72,29
419,7.5Y4/4,7.5Y,4.0,4,109,98,48
420,7.5Y5/4,7.5Y,5.0,4,136,124,69
421,7.5Y6/4,7.5Y,6.0,4,162,150,94
422,7.5Y7/4,7.5Y,7.0,4,190,178,120
423,7.5Y8/4,7.5Y,8.0,4,216,204,144
424,7.5Y8.5/4,7.5Y,8.5,4,229,219,156
425,7.5Y9/4,7.5Y,9.0,4,245,234,168
426,7.5Y4/6,7.5Y,4.0,6,109,97,14
427,7.5Y5/6,7.5Y,5.0,6,138,123,39
428,7.5Y6/6,7.5Y,6.0,6,165,149,64
429,7.5Y7/6,7.5Y,7.0,6,192,177,90
430,7.5Y8/6,7.5Y,8.0,6,221,205,116
431,7.5Y8.5/6,7.5Y,8.5,6,234,220,126
432,7.5Y9/6,7.5Y,9.0,6,250,235,142
433,7.5Y5/8,7.5Y,5.0,8,137,122,-14
434,7.5Y6/8,7.5Y,6.0,8,165,147,14
435,7.5Y7/8,7.5Y,7.0,8,196,177,57
436,7.5Y8/8,7.5Y,8.0,8,224,206,82
437,7.5Y8.5/8,7.5Y,8.5,8,241,221,99
438,7.5Y6/10,7.5Y,6.0,10,171,152,-42
439,7.5Y7/10,7.5Y,7.0,10,197,176,-16
440,7.5Y8/10,7.5Y,8.0,10,229,207,45
441,7.5Y8.5/10,7.5Y,8.5,10,243,222,60
442,7.5Y7/12,7.5Y,7.0,12,197,176,-111
443,7.5Y8/12,7.5Y,8.0,12,227,204,-73
444,7.5Y8.5/12,7.5Y,8.5,12,247,223,-27
445,10Y2/2,10Y,2.0,2,53,52,36
446,10Y3/2,10Y,3.0,2,73,70,47
447,10Y4/2,10Y,4.0,2,101,99,75
448,10Y5/2,10Y,5.0,2,127,125,97
449,10Y6/2,10Y,6.0,2,156,154,124
450,10Y7/2,10Y,7.0,2,182,179,150
451,10Y8/2,10Y,8.0,2,210,207,175
452,10Y8.5/2,10Y,8.5,2,227,224,191
453,10Y9/2,10Y,9.0,2,237,234,198
454,10Y3/4,10Y,3.0,4,76,73,24
455,10Y4/4,10Y,4.0,4,102,98,43
456,10Y5/4,10Y,5.0,4,130,126,69
457,10Y6/4,10Y,6.0,4,157,153,97
458,10Y7/4,10Y,7.0,4,183,178,119
459,10Y8/4,10Y,8.0,4,210,205,145
460,10Y8.5/4,10Y,8.5,4,225,219,154
461,10Y9/4,10Y,9.0,4,243,237,169
462,10Y4/6,10Y,4.0,6,101,98,14
463,10Y5/6,10Y,5.0,6,130,125,37
464,10Y6/6,10Y,6.0,6,158,153,65
465,10Y7/6,10Y,7.0,6,186,182,90
466,10Y8/6,10Y,8.0,6,215,208,118
467,10Y8.5/6,10Y,8.5,6,228,221,128
468,10Y9/6,10Y,9.0,6,244,239,141
469,10Y5/8,10Y,5.0,8,132,127,-12
470,10Y6/8,10Y,6.0,8,159,153,27
471,10Y7/8,10Y,7.0,8,189,181,61
472,10Y8/8,10Y,8.0,8,215,207,85
473,10Y8.5/8,10Y,8.5,8,230,224,99
474,10Y6/10,10Y,6.0,10,157,153,-45
475,10Y7/10,10Y,7.0,10,189,181,-8
476,10Y8/10,10Y,8.0,10,217,208,41
477,10Y8.5/10,10Y,8.5,10,235,225,56
478,10Y7/12,10Y,7.0,12,190,181,-112
479,10Y8/12,10Y,8.0,12,218,207,-90
480,10Y8.5/12,10Y,8.5,12,236,226,-48
481,10Y2/1,10Y,2.0,1,49,49,38
482,10Y3/1,10Y,3.0,1,75,74,61
483,10Y4/1,10Y,4.0,1,101,100,84
484,10Y5/1,10Y,5.0,1,126,124,110
485,10Y6/1,10Y,6.0,1,153,152,138
486,10Y7/1,10Y,7.0,1,179,177,160
487,10Y8/1,10Y,8.0,1,207,205,190
488,10Y9/1,10Y,9.0,1,236,234,216
489,2.5GY2/2,2.5GY,2.0,2,48,49,32
490,2.5GY3/2,2.5GY,3.0,2,73,75,55
491,2.5GY4/2,2.5GY,4.0,2,97,100,77
492,2.5GY5/2,2.5GY,5.0,2,125,127,98
493,2.5GY6/2,2.5GY,6.0,2,147,150,121
494,2.5GY7/2,2.5GY,7.0,2,180,181,153
495,2.5GY8/2,2.5GY,8.0,2,206,208,172
496,2.5GY9/2,2.5GY,9.0,2,234,234,198
497,2.5GY3/4,2.5GY,3.0,4,72,76,31
498,2.5GY4/4,2.5GY,4.0,4,97,101,50
499,2.5GY5/4,2.5GY,5.0,4,122,126,73
500,2.5GY6/4,2.5GY,6.0,4,149,155,98
501,2.5GY7/4,2.5GY,7.0,4,177,181,123
502,2.5GY8/4,2.5GY,8.0,4,206,209,148
503,2.5GY9/4,2.5GY,9.0,4,236,239,174
504,2.5GY4/6,2.5GY,4.0,6,97,103,24
505,2.5GY5/6,2.5GY,5.0,6,124,131,44
506,2.5GY6/6,2.5GY,6.0,6,150,156,70
507,2.5GY7/6,2.5GY,7.0,6,179,185,96
508,2.5GY8/6,2.5GY,8.0,6,208,216,122
509,2.5GY9/6,2.5GY,9.0,6,235,238,141
510,2.5GY5/8,2.5GY,5.0,8,121,131,-1
511,2.5GY6/8,2.5GY,6.0,8,143,154,25
512,2.5GY7/8,2.5GY,7.0,8,179,186,67
513,2.5GY8/8,2.5GY,8.0,8,206,212,91
514,2.5GY6/10,2.5GY,6.0,10,146,157,-47
515,2.5GY7/10,2.5GY,7.0,10,175,185,6
516,2.5GY8/10,2.5GY,8.0,10,204,213,52
517,2.5GY7/12,2.5GY,7.0,12,172,184,-97
518,2.5GY8/12,2.5GY,8.0,12,203,215,-77
519,5GY2/2,5GY,2.0,2,45,50,35
520,5GY3/2,5GY,3.0,2,70,76,57
521,5GY4/2,5GY,4.0,2,93,100,74
522,5GY5/2,5GY,5.0,2,118,126,100
523,5GY6/2,5GY,6.0,2,147,154,127
524,5GY7/2,5GY,7.0,2,175,181,151
525,5GY8/2,5GY,8.0,2,202,208,176
526,5GY9/2,5GY,9.0,2,231,238,201
527,5GY3/4,5GY,3.0,4,63,75,34
528,5GY4/4,5GY,4.0,4,90,104,56
529,5GY5/4,5GY,5.0,4,118,131,79
530,5GY6/4,5GY,6.0,4,145,158,105
531,5GY7/4,5GY,7.0,4,174,186,128
532,5GY8/4,5GY,8.0,4,198,210,150
533,5GY9/4,5GY,9.0,4,228,239,174
534,5GY3/6,5GY,3.0,6,65,87,16
535,5GY4/6,5GY,4.0,6,85,104,26
536,5GY5/6,5GY,5.0,6,111,130,53
537,5GY6/6,5GY,6.0,6,139,159,78
538,5GY7/6,5GY,7.0,6,166,185,103
539,5GY8/6,5GY,8.0,6,197,212,124
540,5GY4/8,5GY,4.0,8,90,116,2
541,5GY5/8,5GY,5.0,8,109,134,23
542,5GY6/8,5GY,6.0,8,135,159,46
543,5GY7/8,5GY,7.0,8,164,188,74
544,5GY8/8,5GY,8.0,8,191,214,97
545,5GY5/10,5GY,5.0,10,106,140,-30
546,5GY6/10,5GY,6.0,10,127,164,-5
547,5GY7/10,5GY,7.0,10,161,192,41
548,5GY8/10,5GY,8.0,10,191,219,64
549,5GY7/12,5GY,7.0,12,152,195,-55
550,5GY2/1,5GY,2.0,1,47,50,40
551,5GY3/1,5GY,3.0,1,72,75,64
552,5GY4/1,5GY,4.0,1,96,99,86
553,5GY5/1,5GY,5.0,1,122,126,113
554,5GY6/1,5GY,6.0,1,149,153,136
555,5GY7/1,5GY,7.0,1,177,180,166
556,5GY8/1,5GY,8.0,1,207,209,192
557,5GY9/1,5GY,9.0,1,233,235,219
558,7.5GY2/2,7.5GY,2.0,2,44,52,41
559,7.5GY3/2,7.5GY,3.0,2,65,75,59
560,7.5GY4/2,7.5GY,4.0,2,88,100,80
561,7.5GY5/2,7.5GY,5.0,2,116,128,106
562,7.5GY6/2,7.5GY,6.0,2,143,156,132
563,7.5GY7/2,7.5GY,7.0,2,170,185,156
564,7.5GY8/2,7.5GY,8.0,2,196,211,181
565,7.5GY9/2,7.5GY,9.0,2,222,237,206
566,7.5GY2/4,7.5GY,2.0,4,33,53,23
567,7.5GY3/4,7.5GY,3.0,4,53,77,39
568,7.5GY4/4,7.5GY,4.0,4,79,104,62
569,7.5GY5/4,7.5GY,5.0,4,107,130,87
570,7.5GY6/4,7.5GY,6.0,4,136,158,112
571,7.5GY7/4,7.5GY,7.0,4,161,184,135
572,7.5GY8/4,7.5GY,8.0,4,185,210,159
573,7.5GY9/4,7.5GY,9.0,4,215,240,181
574,7.5GY3/6,7.5GY,3.0,6,46,81,25
575,7.5GY4/6,7.5GY,4.0,6,69,107,42
576,7.5GY5/6,7.5GY,5.0,6,97,133,68
577,7.5GY6/6,7.5GY,6.0,6,126,164,92
578,7.5GY7/6,7.5GY,7.0,6,152,187,115
579,7.5GY8/6,7.5GY,8.0,6,178,215,136
580,7.5GY4/8,7.5GY,4.0,8,58,110,19
581,7.5GY5/8,7.5GY,5.0,8,86,136,43
582,7.5GY6/8,7.5GY,6.0,8,115,166,70
583,7.5GY7/8,7.5GY,7.0,8,147,195,97
584,7.5GY8/8,7.5GY,8.0,8,169,220,115
585,7.5GY5/10,7.5GY,5.0,10,71,139,-11
586,7.5GY6/10,7.5GY,6.0,10,103,165,38
587,7.5GY7/10,7.5GY,7.0,10,134,195,69
588,7.5GY8/10,7.5GY,8.0,10,157,221,91
589,7.5GY6/12,7.5GY,6.0,12,91,168,-16
590,10GY2/2,10GY,2.0,2,38,49,36
591,10GY3/2,10GY,3.0,2,64,78,62
592,10GY4/2,10GY,4.0,2,87,102,84
593,10GY5/2,10GY,5.0,2,113,129,109
594,10GY6/2,10GY,6.0,2,139,157,136
595,10GY7/2,10GY,7.0,2,167,186,163
596,10GY8/2,10GY,8.0,2,197,214,193
597,10GY9/2,10GY,9.0,2,218,242,211
598,10GY2/4,10GY,2.0,4,29,55,29
599,10GY3/4,10GY,3.0,4,51,80,51
600,10GY4/4,10GY,4.0,4,72,105,67
601,10GY5/4,10GY,5.0,4,99,131,93
602,10GY6/4,10GY,6.0,4,126,160,120
603,10GY7/4,10GY,7.0,4,152,187,144
604,10GY8/4,10GY,8.0,4,175,213,167
605,10GY9/4,10GY,9.0,4,204,242,192
606,10GY3/6,10GY,3.0,6,36,83,37
607,10GY4/6,10GY,4.0,6,57,108,52
608,10GY5/6,10GY,5.0,6,89,137,82
609,10GY6/6,10GY,6.0,6,112,164,104
610,10GY7/6,10GY,7.0,6,138,193,131
611,10GY8/6,10GY,8.0,6,164,221,152
612,10GY4/8,10GY,4.0,8,35,111,38
613,10GY5/8,10GY,5.0,8,66,138,62
614,10GY6/8,10GY,6.0,8,98,166,84
615,10GY7/8,10GY,7.0,8,123,195,112
616,10GY8/8,10GY,8.0,8,151,224,137
617,10GY5/10,10GY,5.0,10,42,142,46
618,10GY6/10,10GY,6.0,10,77,169,65
619,10GY7/10,10GY,7.0,10,106,198,93
620,10GY5/12,10GY,5.0,12,-66,142,29
621,10GY6/12,10GY,6.0,12,52,174,48
622,10GY2/1,10GY,2.0,1,45,50,44
623,10GY3/1,10GY,3.0,1,67,74,66
624,10GY4/1,10GY,4.0,1,93,100,90
625,10GY5/1,10GY,5.0,1,118,126,116
626,10GY6/1,10GY,6.0,1,146,155,145
627,10GY7/1,10GY,7.0,1,170,181,167
628,10GY8/1,10GY,8.0,1,200,210,197
629,10GY9/1,10GY,9.0,1,225,237,222
630,2.5G2/2,2.5G,2.0,2,38,52,42
631,2.5G3/2,2.5G,3.0,2,59,75,63
632,2.5G4/2,2.5G,4.0,2,82,101,86
633,2.5G5/2,2.5G,5.0,2,113,131,116
634,2.5G6/2,2.5G,6.0,2,134,159,140
635,2.5G7/2,2.5G,7.0,2,162,184,166
636,2.5G8/2,2.5G,8.0,2,189,216,193
637,2.5G9/2,2.5G,9.0,2,216,243,219
638,2.5G2/4,2.5G,2.0,4,7,52,28
639,2.5G3/4,2.5G,3.0,4,40,80,55
640,2.5G4/4,2.5G,4.0,4,67,107,81
641,2.5G5/4,2.5G,5.0,4,91,133,102
642,2.5G6/4,2.5G,6.0,4,117,162,130
643,2.5G7/4,2.5G,7.0,4,141,189,152
644,2.5G8/4,2.5G,8.0,4,165,217,179
645,2.5G9/4,2.5G,9.0,4,188,239,197
646,2.5G3/6,2.5G,3.0,6,-14,82,43
647,2.5G4/6,2.5G,4.0,6,38,110,68
648,2.5G5/6,2.5G,5.0,6,69,139,94
649,2.5G6/6,2.5G,6.0,6,95,165,117
650,2.5G7/6,2.5G,7.0,6,126,194,144
651,2.5G8/6,2.5G,8.0,6,148,221,167
652,2.5G3/8,2.5G,3.0,8,-61,87,41
653,2.5G4/8,2.5G,4.0,8,-47,114,61
654,2.5G5/8,2.5G,5.0,8,41,142,86
655,2.5G6/8,2.5G,6.0,8,70,168,107
656,2.5G7/8,2.5G,7.0,8,100,197,132
657,2.5G8/8,2.5G,8.0,8,129,227,157
658,2.5G3/10,2.5G,3.0,10,-100,87,37
659,2.5G4/10,2.5G,4.0,10,-148,116,49
660,2.5G5/10,2.5G,5.0,10,-93,142,72
661,2.5G6/10,2.5G,6.0,10,29,171,98
662,2.5G7/10,2.5G,7.0,10,67,204,125
663,2.5G5/12,2.5G,5.0,12,-213,149,65
664,5G2/2,5G,2.0,2,38,52,44
665,5G3/2,5G,3.0,2,56,74,63
666,5G4/2,5G,4.0,2,82,103,90
667,5G5/2,5G,5.0,2,105,127,113
668,5G6/2,5G,6.0,2,131,155,141
669,5G7/2,5G,7.0,2,161,184,170
670,5G8/2,5G,8.0,2,185,215,196
671,5G9/2,5G,9.0,2,212,240,223
672,5G2/4,5G,2.0,4,12,55,38
673,5G3/4,5G,3.0,4,35,79,59
674,5G4/4,5G,4.0,4,62,108,85
675,5G5/4,5G,5.0,4,89,136,111
676,5G6/4,5G,6.0,4,112,162,134
677,5G7/4,5G,7.0,4,137,189,160
678,5G8/4,5G,8.0,4,164,218,187
679,5G2/6,5G,2.0,6,-32,61,35
680,5G3/6,5G,3.0,6,-21,83,54
681,5G4/6,5G,4.0,6,32,112,81
682,5G5/6,5G,5.0,6,61,138,104
683,5G6/6,5G,6.0,6,89,168,130
684,5G7/6,5G,7.0,6,120,195,156
685,5G8/6,5G,8.0,6,138,222,178
686,5G3/8,5G,3.0,8,-83,87,48
687,5G4/8,5G,4.0,8,-101,114,71
688,5G5/8,5G,5.0,8,-6,144,98
689,5G6/8,5G,6.0,8,51,169,122
690,5G7/8,5G,7.0,8,89,198,148
691,5G4/10,5G,4.0,10,-172,117,70
692,5G5/10,5G,5.0,10,-148,144,93
693,5G6/10,5G,6.0,10,-93,175,119
694,5G7/10,5G,7.0,10,40,204,142
695,5G2/1,5G,2.0,1,40,47,41
696,5G3/1,5G,3.0,1,66,75,69
697,5G4/1,5G,4.0,1,90,102,95
698,5G5/1,5G,5.0,1,113,127,118
699,5G6/1,5G,6.0,1,141,154,146
700,5G7/1,5G,7.0,1,171,184,175
701,5G8/1,5G,8.0,1,196,210,201
702,5G9/1,5G,9.0,1,224,240,230
703,7.5G2/2,7.5G,2.0,2,30,48,38
704,7.5G3/2,7.5G,3.0,2,56,77,67
705,7.5G4/2,7.5G,4.0,2,80,104,93
706,7.5G5/2,7.5G,5.0,2,110,132,120
707,7.5G6/2,7.5G,6.0,2,129,159,146
708,7.5G7/2,7.5G,7.0,2,155,183,170
709,7.5G8/2,7.5G,8.0,2,181,212,196
710,7.5G9/2,7.5G,9.0,2,206,239,223
711,7.5G2/4,7.5G,2.0,4,9,54,41
712,7.5G3/4,7.5G,3.0,4,32,81,63
713,7.5G4/4,7.5G,4.0,4,54,109,88
714,7.5G5/4,7.5G,5.0,4,81,133,111
715,7.5G6/4,7.5G,6.0,4,108,163,141
716,7.5G7/4,7.5G,7.0,4,138,190,167
717,7.5G8/4,7.5G,8.0,4,161,219,193
718,7.5G2/6,7.5G,2.0,6,-40,58,37
719,7.5G3/6,7.5G,3.0,6,-31,85,61
720,7.5G4/6,7.5G,4.0,6,17,113,86
721,7.5G5/6,7.5G,5.0,6,59,141,112
722,7.5G6/6,7.5G,6.0,6,84,168,137
723,7.5G7/6,7.5G,7.0,6,110,194,161
724,7.5G8/6,7.5G,8.0,6,133,223,185
725,7.5G3/8,7.5G,3.0,8,-87,86,59
726,7.5G4/8,7.5G,4.0,8,-103,116,82
727,7.5G5/8,7.5G,5.0,8,-39,142,106
728,7.5G6/8,7.5G,6.0,8,41,171,132
729,7.5G7/8,7.5G,7.0,8,77,200,158
730,7.5G4/10,7.5G,4.0,10,-199,117,80
731,7.5G5/10,7.5G,5.0,10,-185,146,104
732,7.5G6/10,7.5G,6.0,10,-118,176,130
733,10G2/2,10G,2.0,2,35,53,47
734,10G3/2,10G,3.0,2,56,78,71
735,10G4/2,10G,4.0,2,78,102,93
736,10G5/2,10G,5.0,2,104,128,119
737,10G6/2,10G,6.0,2,133,160,150
738,10G7/2,10G,7.0,2,155,184,173
739,10G8/2,10G,8.0,2,184,213,202
740,10G9/2,10G,9.0,2,209,241,229
741,10G2/4,10G,2.0,4,8,57,47
742,10G3/4,10G,3.0,4,27,80,68
743,10G4/4,10G,4.0,4,55,110,95
744,10G5/4,10G,5.0,4,81,134,118
745,10G6/4,10G,6.0,4,103,163,144
746,10G7/4,10G,7.0,4,132,190,171
747,10G8/4,10G,8.0,4,155,216,196
748,10G2/6,10G,2.0,6,-34,58,44
749,10G3/6,10G,3.0,6,-47,88,70
750,10G4/6,10G,4.0,6,3,112,91
751,10G5/6,10G,5.0,6,54,140,118
752,10G6/6,10G,6.0,6,78,168,143
753,10G7/6,10G,7.0,6,104,196,168
754,10G8/6,10G,8.0,6,129,222,193
755,10G3/8,10G,3.0,8,-100,87,66
756,10G4/8,10G,4.0,8,-121,118,92
757,10G5/8,10G,5.0,8,-70,144,115
758,10G6/8,10G,6.0,8,26,175,144
759,10G7/8,10G,7.0,8,66,201,167
760,10G4/10,10G,4.0,10,-239,115,86
761,10G5/10,10G,5.0,10,-225,150,117
762,10G6/10,10G,6.0,10,-203,174,135
763,10G2/1,10G,2.0,1,42,50,47
764,10G3/1,10G,3.0,1,64,74,69
765,10G4/1,10G,4.0,1,87,99,94
766,10G5/1,10G,5.0,1,114,127,122
767,10G6/1,10G,6.0,1,138,153,147
768,10G7/1,10G,7.0,1,165,180,173
769,10G8/1,10G,8.0,1,192,207,200
770,10G9/1,10G,9.0,1,219,239,231
771,2.5BG2/2,2.5BG,2.0,2,32,49,46
772,2.5BG3/2,2.5BG,3.0,2,52,76,71
773,2.5BG4/2,2.5BG,4.0,2,78,102,96
774,2.5BG5/2,2.5BG,5.0,2,104,130,123
775,2.5BG6/2,2.5BG,6.0,2,127,153,145
776,2.5BG7/2,2.5BG,7.0,2,152,183,174
777,2.5BG8/2,2.5BG,8.0,2,181,211,202
778,2.5BG9/2,2.5BG,9.0,2,205,236,225
779,2.5BG2/4,2.5BG,2.0,4,4,56,49
780,2.5BG3/4,2.5BG,3.0,4,23,81,72
781,2.5BG4/4,2.5BG,4.0,4,46,106,95
782,2.5BG5/4,2.5BG,5.0,4,79,136,123
783,2.5BG6/4,2.5BG,6.0,4,102,162,148
784,2.5BG7/4,2.5BG,7.0,4,129,191,175
785,2.5BG8/4,2.5BG,8.0,4,155,216,200
786,2.5BG2/6,2.5BG,2.0,6,-45,58,49
787,2.5BG3/6,2.5BG,3.0,6,-53,85,73
788,2.5BG4/6,2.5BG,4.0,6,-18,113,99
789,2.5BG5/6,2.5BG,5.0,6,42,138,122
790,2.5BG6/6,2.5BG,6.0,6,72,167,148
791,2.5BG7/6,2.5BG,7.0,6,107,196,176
792,2.5BG8/6,2.5BG,8.0,6,126,221,198
793,2.5BG3/8,2.5BG,3.0,8,-112,87,74
794,2.5BG4/8,2.5BG,4.0,8,-133,115,98
795,2.5BG5/8,2.5BG,5.0,8,-95,143,124
796,2.5BG6/8,2.5BG,6.0,8,3,171,147
797,2.5BG7/8,2.5BG,7.0,8,62,197,172
798,2.5BG5/10,2.5BG,5.0,10,-269,144,121
799,2.5BG6/10,2.5BG,6.0,10,-226,175,149
800,5BG2/2,5BG,2.0,2,33,53,50
801,5BG3/2,5BG,3.0,2,50,75,72
802,5BG4/2,5BG,4.0,2,79,102,98
803,5BG5/2,5BG,5.0,2,103,127,124
804,5BG6/2,5BG,6.0,2,125,154,149
805,5BG7/2,5BG,7.0,2,153,186,180
806,5BG8/2,5BG,8.0,2,181,214,208
807,5BG9/2,5BG,9.0,2,209,241,233
808,5BG2/4,5BG,2.0,4,-4,55,52
809,5BG3/4,5BG,3.0,4,22,80,77
810,5BG4/4,5BG,4.0,4,46,108,103
811,5BG5/4,5BG,5.0,4,79,134,127
812,5BG6/4,5BG,6.0,4,93,156,147
813,5BG7/4,5BG,7.0,4,129,188,178
814,5BG8/4,5BG,8.0,4,155,216,205
815,5BG2/6,5BG,2.0,6,-51,56,55
816,5BG3/6,5BG,3.0,6,-73,84,79
817,5BG4/6,5BG,4.0,6,-44,112,106
818,5BG5/6,5BG,5.0,6,32,138,130
819,5BG6/6,5BG,6.0,6,66,167,156
820,5BG7/6,5BG,7.0,6,101,194,182
821,5BG3/8,5BG,3.0,8,-141,87,83
822,5BG4/8,5BG,4.0,8,-176,115,108
823,5BG5/8,5BG,5.0,8,-131,141,132
824,5BG6/8,5BG,6.0,8,-79,171,158
825,5BG7/8,5BG,7.0,8,36,197,183
826,5BG5/10,5BG,5.0,10,-315,144,135
827,5BG6/10,5BG,6.0,10,-280,176,161
828,5BG2/1,5BG,2.0,1,42,50,49
829,5BG3/1,5BG,3.0,1,61,75,73
830,5BG4/1,5BG,4.0,1,89,101,99
831,5BG5/1,5BG,5.0,1,115,127,124
832,5BG6/1,5BG,6.0,1,139,154,151
833,5BG7/1,5BG,7.0,1,164,182,178
834,5BG8/1,5BG,8.0,1,195,210,206
835,5BG9/1,5BG,9.0,1,219,238,235
836,7.5BG2/2,7.5BG,2.0,2,29,50,49
837,7.5BG3/2,7.5BG,3.0,2,53,76,76
838,7.5BG4/2,7.5BG,4.0,2,78,102,101
839,7.5BG5/2,7.5BG,5.0,2,99,129,126
840,7.5BG6/2,7.5BG,6.0,2,131,159,157
841,7.5BG7/2,7.5BG,7.0,2,154,185,182
842,7.5BG8/2,7.5BG,8.0,2,183,214,212
843,7.5BG9/2,7.5BG,9.0,2,208,240,235
844,7.5BG2/4,7.5BG,2.0,4,-11,55,57
845,7.5BG3/4,7.5BG,3.0,4,16,80,82
846,7.5BG4/4,7.5BG,4.0,4,43,107,107
847,7.5BG5/4,7.5BG,5.0,4,72,134,133
848,7.5BG6/4,7.5BG,6.0,4,99,162,159
849,7.5BG7/4,7.5BG,7.0,4,129,189,186
850,7.5BG8/4,7.5BG,8.0,4,155,216,211
851,7.5BG2/6,7.5BG,2.0,6,-61,56,61
852,7.5BG3/6,7.5BG,3.0,6,-69,83,88
853,7.5BG4/6,7.5BG,4.0,6,-53,110,111
854,7.5BG5/6,7.5BG,5.0,6,29,137,136
855,7.5BG6/6,7.5BG,6.0,6,62,166,165
856,7.5BG7/6,7.5BG,7.0,6,98,193,188
857,7.5BG3/8,7.5BG,3.0,8,-146,85,91
858,7.5BG4/8,7.5BG,4.0,8,-187,113,116
859,7.5BG5/8,7.5BG,5.0,8,-161,140,140
860,7.5BG6/8,7.5BG,6.0,8,-85,169,168
861,7.5BG7/8,7.5BG,7.0,8,37,196,191
862,7.5BG5/10,7.5BG,5.0,10,-351,147,149
863,10BG2/2,10BG,2.0,2,30,51,53
864,10BG3/2,10BG,3.0,2,50,75,77
865,10BG4/2,10BG,4.0,2,76,104,105
866,10BG5/2,10BG,5.0,2,101,127,128
867,10BG6/2,10BG,6.0,2,125,158,160
868,10BG7/2,10BG,7.0,2,159,188,187
869,10BG8/2,10BG,8.0,2,182,213,212
870,10BG9/2,10BG,9.0,2,208,239,238
871,10BG2/4,10BG,2.0,4,-11,56,62
872,10BG3/4,10BG,3.0,4,8,82,88
873,10BG4/4,10BG,4.0,4,46,104,108
874,10BG5/4,10BG,5.0,4,78,133,135
875,10BG6/4,10BG,6.0,4,101,160,162
876,10BG7/4,10BG,7.0,4,131,190,191
877,10BG8/4,10BG,8.0,4,157,216,215
878,10BG2/6,10BG,2.0,6,-64,56,67
879,10BG3/6,10BG,3.0,6,-77,82,93
880,10BG4/6,10BG,4.0,6,-53,110,118
881,10BG5/6,10BG,5.0,6,23,137,144
882,10BG6/6,10BG,6.0,6,64,165,170
883,10BG7/6,10BG,7.0,6,98,193,196
884,10BG3/8,10BG,3.0,8,-164,84,99
885,10BG4/8,10BG,4.0,8,-185,113,126
886,10BG5/8,10BG,5.0,8,-143,139,148
887,10BG6/8,10BG,6.0,8,-75,171,180
888,10BG7/8,10BG,7.0,8,23,196,200
889,10BG5/10,10BG,5.0,10,-340,144,157
890,10BG2/1,10BG,2.0,1,37,49,50
891,10BG3/1,10BG,3.0,1,57,70,70
892,10BG4/1,10BG,4.0,1,86,100,100
893,10BG5/1,10BG,5.0,1,115,127,127
894,10BG6/1,10BG,6.0,1,143,156,155
895,10BG7/1,10BG,7.0,1,165,181,181
896,10BG8/1,10BG,8.0,1,193,208,208
897,10BG9/1,10BG,9.0,1,221,237,236
898,2.5B2/2,2.5B,2.0,2,31,51,55
899,2.5B3/2,2.5B,3.0,2,49,73,76
900,2.5B4/2,2.5B,4.0,2,76,100,103
901,2.5B5/2,2.5B,5.0,2,102,128,131
902,2.5B6/2,2.5B,6.0,2,131,155,158
903,2.5B7/2,2.5B,7.0,2,152,181,184
904,2.5B8/2,2.5B,8.0,2,183,213,215
905,2.5B9/2,2.5B,9.0,2,212,239,241
906,2.5B2/4,2.5B,2.0,4,-4,55,64
907,2.5B3/4,2.5B,3.0,4,-4,79,89
908,2.5B4/4,2.5B,4.0,4,50,105,113
909,2.5B5/4,2.5B,5.0,4,78,131,138
910,2.5B6/4,2.5B,6.0,4,103,162,169
911,2.5B7/4,2.5B,7.0,4,128,186,192
912,2.5B8/4,2.5B,8.0,4,154,215,220
913,2.5B2/6,2.5B,2.0,6,-63,57,74
914,2.5B3/6,2.5B,3.0,6,-85,81,97
915,2.5B4/6,2.5B,4.0,6,-33,110,124
916,2.5B5/6,2.5B,5.0,6,18,134,148
917,2.5B6/6,2.5B,6.0,6,68,163,175
918,2.5B7/6,2.5B,7.0,6,99,190,201
919,2.5B3/8,2.5B,3.0,8,-172,86,111
920,2.5B4/8,2.5B,4.0,8,-191,113,135
921,2.5B5/8,2.5B,5.0,8,-138,138,159
922,2.5B6/8,2.5B,6.0,8,-88,169,187
923,2.5B7/8,2.5B,7.0,8,46,197,214
924,2.5B6/10,2.5B,6.0,10,-339,141,167
925,5B2/2,5B,2.0,2,32,51,57
926,5B3/2,5B,3.0,2,51,75,81
927,5B4/2,5B,4.0,2,78,100,106
928,5B5/2,5B,5.0,2,103,127,133
929,5B6/2,5B,6.0,2,129,155,161
930,5B7/2,5B,7.0,2,164,185,190
931,5B8/2,5B,8.0,2,191,214,219
932,5B9/2,5B,9.0,2,215,242,249
933,5B2/4,5B,2.0,4,-1,55,68
934,5B3/4,5B,3.0,4,10,79,94
935,5B4/4,5B,4.0,4,53,106,120
936,5B5/4,5B,5.0,4,83,132,144
937,5B6/4,5B,6.0,4,108,160,173
938,5B7/4,5B,7.0,4,135,188,200
939,5B8/4,5B,8.0,4,160,214,227
940,5B2/6,5B,2.0,6,-65,54,78
941,5B3/6,5B,3.0,6,-72,82,106
942,5B4/6,5B,4.0,6,-25,108,133
943,5B5/6,5B,5.0,6,44,135,155
944,5B6/6,5B,6.0,6,76,163,184
945,5B7/6,5B,7.0,6,108,190,210
946,5B3/8,5B,3.0,8,-146,83,115
947,5B4/8,5B,4.0,8,-170,111,143
948,5B5/8,5B,5.0,8,-123,138,170
949,5B6/8,5B,6.0,8,-6,167,196
950,5B7/8,5B,7.0,8,77,193,220
951,5B4/10,5B,4.0,10,-291,111,151
952,5B5/10,5B,5.0,10,-299,141,183
953,5B6/10,5B,6.0,10,-249,169,205
954,5B2/1,5B,2.0,1,42,51,53
955,5B3/1,5B,3.0,1,59,70,72
956,5B4/1,5B,4.0,1,88,100,103
957,5B5/1,5B,5.0,1,115,125,128
958,5B6/1,5B,6.0,1,137,151,154
959,5B7/1,5B,7.0,1,166,178,181
960,5B8/1,5B,8.0,1,196,208,210
961,5B9/1,5B,9.0,1,222,235,238
962,7.5B2/2,7.5B,2.0,2,34,51,58
963,7.5B3/2,7.5B,3.0,2,56,78,87
964,7.5B4/2,7.5B,4.0,2,79,100,109
965,7.5B5/2,7.5B,5.0,2,107,128,135
966,7.5B6/2,7.5B,6.0,2,136,156,163
967,7.5B7/2,7.5B,7.0,2,165,185,192
968,7.5B8/2,7.5B,8.0,2,194,216,224
969,7.5B9/2,7.5B,9.0,2,214,235,241
970,7.5B2/4,7.5B,2.0,4,-1,54,70
971,7.5B3/4,7.5B,3.0,4,28,77,95
972,7.5B4/4,7.5B,4.0,4,54,103,120
973,7.5B5/4,7.5B,5.0,4,88,132,149
974,7.5B6/4,7.5B,6.0,4,115,158,176
975,7.5B7/4,7.5B,7.0,4,140,185,199
976,7.5B8/4,7.5B,8.0,4,161,212,229
977,7.5B2/6,7.5B,2.0,6,-45,54,81
978,7.5B3/6,7.5B,3.0,6,-28,76,103
979,7.5B4/6,7.5B,4.0,6,19,106,134
980,7.5B5/6,7.5B,5.0,6,59,133,159
981,7.5B6/6,7.5B,6.0,6,86,162,187
982,7.5B7/6,7.5B,7.0,6,113,189,212
983,7.5B3/8,7.5B,3.0,8,-132,81,122
984,7.5B4/8,7.5B,4.0,8,-109,108,147
985,7.5B5/8,7.5B,5.0,8,-48,138,175
986,7.5B6/8,7.5B,6.0,8,46,167,202
987,7.5B7/8,7.5B,7.0,8,72,193,226
988,7.5B4/10,7.5B,4.0,10,-231,109,160
989,7.5B5/10,7.5B,5.0,10,-200,135,183
990,7.5B6/10,7.5B,6.0,10,-159,162,209
991,10B2/2,10B,2.0,2,37,51,60
992,10B3/2,10B,3.0,2,54,73,84
993,10B4/2,10B,4.0,2,82,99,108
994,10B5/2,10B,5.0,2,114,128,136
995,10B6/2,10B,6.0,2,138,153,160
996,10B7/2,10B,7.0,2,166,183,192
997,10B8/2,10B,8.0,2,195,211,220
998,10B9/2,10B,9.0,2,218,233,240
999,10B2/4,10B,2.0,4,10,51,70
1000,10B3/4,10B,3.0,4,35,75,98
1001,10B4/4,10B,4.0,4,62,102,122
1002,10B5/4,10B,5.0,4,91,127,147
1003,10B6/4,10B,6.0,4,120,158,177
1004,10B7/4,10B,7.0,4,146,184,202
1005,10B8/4,10B,8.0,4,174,211,230
1006,10B2/6,10B,2.0,6,-35,52,84
1007,10B3/6,10B,3.0,6,-17,80,113
1008,10B4/6,10B,4.0,6,41,104,135
1009,10B5/6,10B,5.0,6,68,133,165
1010,10B6/6,10B,6.0,6,98,161,191
1011,10B7/6,10B,7.0,6,122,187,218
1012,10B8/6,10B,8.0,6,148,212,242
1013,10B3/8,10B,3.0,8,-109,80,126
1014,10B4/8,10B,4.0,8,-58,105,149
1015,10B5/8,10B,5.0,8,22,133,175
1016,10B6/8,10B,6.0,8,69,160,201
1017,10B7/8,10B,7.0,8,104,187,224
1018,10B3/10,10B,3.0,10,-184,86,142
1019,10B4/10,10B,4.0,10,-149,105,159
1020,10B5/10,10B,5.0,10,-124,135,189
1021,10B6/10,10B,6.0,10,-22,163,218
1022,10B5/12,10B,5.0,12,-290,135,200
1023,10B2/1,10B,2.0,1,43,49,53
1024,10B3/1,10B,3.0,1,66,73,78
1025,10B4/1,10B,4.0,1,88,96,101
1026,10B5/1,10B,5.0,1,115,123,127
1027,10B6/1,10B,6.0,1,145,152,156
1028,10B7/1,10B,7.0,1,171,178,182
1029,10B8/1,10B,8.0,1,196,206,211
1030,10B9/1,10B,9.0,1,226,232,237
1031,2.5PB2/2,2.5PB,2.0,2,37,48,58
1032,2.5PB3/2,2.5PB,3.0,2,59,73,86
1033,2.5PB4/2,2.5PB,4.0,2,87,99,110
1034,2.5PB5/2,2.5PB,5.0,2,115,127,138
1035,2.5PB6/2,2.5PB,6.0,2,140,152,163
1036,2.5PB7/2,2.5PB,7.0,2,168,181,191
1037,2.5PB8/2,2.5PB,8.0,2,199,210,220
1038,2.5PB9/2,2.5PB,9.0,2,225,236,246
1039,2.5PB2/4,2.5PB,2.0,4,18,49,71
1040,2.5PB3/4,2.5PB,3.0,4,46,76,101
1041,2.5PB4/4,2.5PB,4.0,4,73,101,126
1042,2.5PB5/4,2.5PB,5.0,4,99,126,149
1043,2.5PB6/4,2.5PB,6.0,4,127,155,178
1044,2.5PB7/4,2.5PB,7.0,4,156,183,205
1045,2.5PB8/4,2.5PB,8.0,4,179,208,231
1046,2.5PB2/6,2.5PB,2.0,6,-18,49,85
1047,2.5PB3/6,2.5PB,3.0,6,16,78,115
1048,2.5PB4/6,2.5PB,4.0,6,56,102,136
1049,2.5PB5/6,2.5PB,5.0,6,82,127,162
1050,2.5PB6/6,2.5PB,6.0,6,112,157,189
1051,2.5PB7/6,2.5PB,7.0,6,140,186,224
1052,2.5PB8/6,2.5PB,8.0,6,167,209,241
1053,2.5PB3/8,2.5PB,3.0,8,-42,78,126
1054,2.5PB4/8,2.5PB,4.0,8,24,103,151
1055,2.5PB5/8,2.5PB,5.0,8,63,132,181
1056,2.5PB6/8,2.5PB,6.0,8,95,157,206
1057,2.5PB7/8,2.5PB,7.0,8,123,188,237
1058,2.5PB3/10,2.5PB,3.0,10,-108,75,137
1059,2.5PB4/10,2.5PB,4.0,10,-68,103,164
1060,2.5PB5/10,2.5PB,5.0,10,20,131,193
1061,2.5PB6/10,2.5PB,6.0,10,63,159,221
1062,2.5PB5/12,2.5PB,5.0,12,-151,134,208
1063,5PB2/2,5PB,2.0,2,41,48,61
1064,5PB3/2,5PB,3.0,2,62,71,86
1065,5PB4/2,5PB,4.0,2,89,96,109
1066,5PB5/2,5PB,5.0,2,118,126,139
1067,5PB6/2,5PB,6.0,2,145,152,163
1068,5PB7/2,5PB,7.0,2,171,179,189
1069,5PB8/2,5PB,8.0,2,204,212,222
1070,5PB9/2,5PB,9.0,2,229,236,247
1071,5PB2/4,5PB,2.0,4,30,50,75
1072,5PB3/4,5PB,3.0,4,49,70,98
1073,5PB4/4,5PB,4.0,4,78,97,124
1074,5PB5/4,5PB,5.0,4,107,123,147
1075,5PB6/4,5PB,6.0,4,137,154,178
1076,5PB7/4,5PB,7.0,4,162,181,203
1077,5PB8/4,5PB,8.0,4,189,208,236
1078,5PB2/6,5PB,2.0,6,11,49,88
1079,5PB3/6,5PB,3.0,6,36,73,115
1080,5PB4/6,5PB,4.0,6,68,100,139
1081,5PB5/6,5PB,5.0,6,98,129,167
1082,5PB6/6,5PB,6.0,6,124,154,193
1083,5PB7/6,5PB,7.0,6,154,183,223
1084,5PB8/6,5PB,8.0,6,171,202,241
1085,5PB2/8,5PB,2.0,8,-22,49,99
1086,5PB3/8,5PB,3.0,8,2,72,126
1087,5PB4/8,5PB,4.0,8,54,100,151
1088,5PB5/8,5PB,5.0,8,83,128,181
1089,5PB6/8,5PB,6.0,8,109,154,208
1090,5PB7/8,5PB,7.0,8,130,180,232
1091,5PB3/10,5PB,3.0,10,-40,72,140
1092,5PB4/10,5PB,4.0,10,25,101,166
1093,5PB5/10,5PB,5.0,10,66,129,195
1094,5PB6/10,5PB,6.0,10,97,156,222
1095,5PB4/12,5PB,4.0,12,-48,100,180
1096,5PB5/12,5PB,5.0,12,32,128,209
1097,5PB2/1,5PB,2.0,1,44,48,55
1098,5PB3/1,5PB,3.0,1,68,71,78
1099,5PB4/1,5PB,4.0,1,95,98,104
1100,5PB5/1,5PB,5.0,1,121,123,128
1101,5PB6/1,5PB,6.0,1,148,151,156
1102,5PB7/1,5PB,7.0,1,176,180,186
1103,5PB8/1,5PB,8.0,1,203,207,212
1104,5PB9/1,5PB,9.0,1,229,231,237
1105,7.5PB2/2,7.5PB,2.0,2,48,49,64
1106,7.5PB3/2,7.5PB,3.0,2,68,69,85
1107,7.5PB4/2,7.5PB,4.0,2,92,95,110
1108,7.5PB5/2,7.5PB,5.0,2,121,124,138
1109,7.5PB6/2,7.5PB,6.0,2,148,151,162
1110,7.5PB7/2,7.5PB,7.0,2,177,179,189
1111,7.5PB8/2,7.5PB,8.0,2,205,206,217
1112,7.5PB9/2,7.5PB,9.0,2,228,231,241
1113,7.5PB2/4,7.5PB,2.0,4,42,47,75
1114,7.5PB3/4,7.5PB,3.0,4,66,72,102
1115,7.5PB4/4,7.5PB,4.0,4,92,97,125
1116,7.5PB5/4,7.5PB,5.0,4,116,123,148
1117,7.5PB6/4,7.5PB,6.0,4,143,150,176
1118,7.5PB7/4,7.5PB,7.0,4,168,176,201
1119,7.5PB8/4,7.5PB,8.0,4,193,202,230
1120,7.5PB2/6,7.5PB,2.0,6,41,47,88
1121,7.5PB3/6,7.5PB,3.0,6,60,71,115
1122,7.5PB4/6,7.5PB,4.0,6,88,98,141
1123,7.5PB5/6,7.5PB,5.0,6,112,123,165
1124,7.5PB6/6,7.5PB,6.0,6,137,150,192
1125,7.5PB7/6,7.5PB,7.0,6,164,177,219
1126,7.5PB2/8,7.5PB,2.0,8,34,45,97
1127,7.5PB3/8,7.5PB,3.0,8,53,69,126
1128,7.5PB4/8,7.5PB,4.0,8,81,94,151
1129,7.5PB5/8,7.5PB,5.0,8,109,124,182
1130,7.5PB6/8,7.5PB,6.0,8,137,151,210
1131,7.5PB7/8,7.5PB,7.0,8,153,169,224
1132,7.5PB2/10,7.5PB,2.0,10,31,42,111
1133,7.5PB3/10,7.5PB,3.0,10,51,66,139
1134,7.5PB4/10,7.5PB,4.0,10,74,93,166
1135,7.5PB5/10,7.5PB,5.0,10,99,121,191
1136,7.5PB6/10,7.5PB,6.0,10,128,148,216
1137,7.5PB3/12,7.5PB,3.0,12,44,64,148
1138,7.5PB4/12,7.5PB,4.0,12,69,94,179
1139,10PB2/2,10PB,2.0,2,51,47,61
1140,10PB3/2,10PB,3.0,2,70,67,83
1141,10PB4/2,10PB,4.0,2,99,97,111
1142,10PB5/2,10PB,5.0,2,125,123,137
1143,10PB6/2,10PB,6.0,2,149,148,162
1144,10PB7/2,10PB,7.0,2,177,175,186
1145,10PB8/2,10PB,8.0,2,204,203,213
1146,10PB9/2,10PB,9.0,2,236,234,243
1147,10PB2/4,10PB,2.0,4,52,46,73
1148,10PB3/4,10PB,3.0,4,73,68,100
1149,10PB4/4,10PB,4.0,4,99,93,124
1150,10PB5/4,10PB,5.0,4,124,123,151
1151,10PB6/4,10PB,6.0,4,152,150,178
1152,10PB7/4,10PB,7.0,4,176,176,203
1153,10PB8/4,10PB,8.0,4,203,202,229
1154,10PB2/6,10PB,2.0,6,49,36,79
1155,10PB3/6,10PB,3.0,6,72,64,112
1156,10PB4/6,10PB,4.0,6,97,91,136
1157,10PB5/6,10PB,5.0,6,124,119,164
1158,10PB6/6,10PB,6.0,6,150,146,190
1159,10PB7/6,10PB,7.0,6,177,174,217
1160,10PB2/8,10PB,2.0,8,49,35,91
1161,10PB3/8,10PB,3.0,8,74,62,124
1162,10PB4/8,10PB,4.0,8,98,88,146
1163,10PB5/8,10PB,5.0,8,123,115,176
1164,10PB6/8,10PB,6.0,8,151,146,204
1165,10PB7/8,10PB,7.0,8,164,161,218
1166,10PB2/10,10PB,2.0,10,52,30,98
1167,10PB3/10,10PB,3.0,10,75,60,134
1168,10PB4/10,10PB,4.0,10,101,89,164
1169,10PB5/10,10PB,5.0,10,125,116,189
1170,10PB6/10,10PB,6.0,10,150,143,215
1171,10PB4/12,10PB,4.0,12,99,83,171
1172,10PB2/1,10PB,2.0,1,45,41,48
1173,10PB3/1,10PB,3.0,1,70,68,76
1174,10PB4/1,10PB,4.0,1,97,95,102
1175,10PB5/1,10PB,5.0,1,123,122,128
1176,10PB6/1,10PB,6.0,1,152,151,156
1177,10PB7/1,10PB,7.0,1,176,175,183
1178,10PB8/1,10PB,8.0,1,206,205,211
1179,10PB9/1,10PB,9.0,1,234,234,240
1180,2.5P2/2,2.5P,2.0,2,51,45,58
1181,2.5P3/2,2.5P,3.0,2,77,69,87
1182,2.5P4/2,2.5P,4.0,2,101,94,110
1183,2.5P5/2,2.5P,5.0,2,124,118,132
1184,2.5P6/2,2.5P,6.0,2,154,149,163
1185,2.5P7/2,2.5P,7.0,2,182,178,191
1186,2.5P8/2,2.5P,8.0,2,210,205,217
1187,2.5P9/2,2.5P,9.0,2,237,234,245
1188,2.5P2/4,2.5P,2.0,4,57,44,71
1189,2.5P3/4,2.5P,3.0,4,81,66,98
1190,2.5P4/4,2.5P,4.0,4,105,93,123
1191,2.5P5/4,2.5P,5.0,4,132,122,150
1192,2.5P6/4,2.5P,6.0,4,156,146,174
1193,2.5P7/4,2.5P,7.0,4,182,173,202
1194,2.5P8/4,2.5P,8.0,4,210,202,231
1195,2.5P2/6,2.5P,2.0,6,58,40,78
1196,2.5P3/6,2.5P,3.0,6,82,61,108
1197,2.5P4/6,2.5P,4.0,6,107,88,132
1198,2.5P5/6,2.5P,5.0,6,133,117,160
1199,2.5P6/6,2.5P,6.0,6,159,144,187
1200,2.5P7/6,2.5P,7.0,6,185,172,212
1201,2.5P2/8,2.5P,2.0,8,65,34,89
1202,2.5P3/8,2.5P,3.0,8,88,58,117
1203,2.5P4/8,2.5P,4.0,8,111,86,145
1204,2.5P5/8,2.5P,5.0,8,138,115,175
1205,2.5P6/8,2.5P,6.0,8,159,138,197
1206,2.5P7/8,2.5P,7.0,8,190,170,221
1207,2.5P2/10,2.5P,2.0,10,67,26,95
1208,2.5P3/10,2.5P,3.0,10,92,53,127
1209,2.5P4/10,2.5P,4.0,10,117,82,154
1210,2.5P5/10,2.5P,5.0,10,139,110,186
1211,2.5P4/12,2.5P,4.0,12,115,76,161
1212,5P2/2,5P,2.0,2,56,44,59
1213,5P3/2,5P,3.0,2,82,69,86
1214,5P4/2,5P,4.0,2,104,94,109
1215,5P5/2,5P,5.0,2,132,123,137
1216,5P6/2,5P,6.0,2,159,151,164
1217,5P7/2,5P,7.0,2,187,180,191
1218,5P8/2,5P,8.0,2,209,203,213
1219,5P9/2,5P,9.0,2,231,225,236
1220,5P2/4,5P,2.0,4,62,42,70
1221,5P3/4,5P,3.0,4,85,64,93
1222,5P4/4,5P,4.0,4,109,89,119
1223,5P5/4,5P,5.0,4,136,119,147
1224,5P6/4,5P,6.0,4,163,146,173
1225,5P7/4,5P,7.0,4,187,173,199
1226,5P8/4,5P,8.0,4,213,199,226
1227,5P2/6,5P,2.0,6,66,37,76
1228,5P3/6,5P,3.0,6,89,59,104
1229,5P4/6,5P,4.0,6,115,87,130
1230,5P5/6,5P,5.0,6,140,114,156
1231,5P6/6,5P,6.0,6,167,142,183
1232,5P7/6,5P,7.0,6,194,170,211
1233,5P2/8,5P,2.0,8,73,35,88
1234,5P3/8,5P,3.0,8,97,54,112
1235,5P4/8,5P,4.0,8,121,84,140
1236,5P5/8,5P,5.0,8,148,112,169
1237,5P6/8,5P,6.0,8,169,136,192
1238,5P7/8,5P,7.0,8,197,165,221
1239,5P3/10,5P,3.0,10,98,46,120
1240,5P4/10,5P,4.0,10,127,80,150
1241,5P5/10,5P,5.0,10,152,106,178
1242,5P4/12,5P,4.0,12,132,73,156
1243,5P2/1,5P,2.0,1,52,45,54
1244,5P3/1,5P,3.0,1,77,70,78
1245,5P4/1,5P,4.0,1,102,96,104
1246,5P5/1,5P,5.0,1,128,123,130
1247,5P6/1,5P,6.0,1,153,148,156
1248,5P7/1,5P,7.0,1,181,177,184
1249,5P8/1,5P,8.0,1,210,207,213
1250,5P9/1,5P,9.0,1,232,229,235
1251,7.5P2/2,7.5P,2.0,2,59,46,58
1252,7.5P3/2,7.5P,3.0,2,85,69,84
1253,7.5P4/2,7.5P,4.0,2,108,92,107
1254,7.5P5/2,7.5P,5.0,2,133,120,132
1255,7.5P6/2,7.5P,6.0,2,158,145,156
1256,7.5P7/2,7.5P,7.0,2,186,175,185
1257,7.5P8/2,7.5P,8.0,2,214,204,213
1258,7.5P9/2,7.5P,9.0,2,238,232,232
1259,7.5P2/4,7.5P,2.0,4,61,36,63
1260,7.5P3/4,7.5P,3.0,4,89,61,89
1261,7.5P4/4,7.5P,4.0,4,114,87,114
1262,7.5P5/4,7.5P,5.0,4,139,116,140
1263,7.5P6/4,7.5P,6.0,4,167,142,166
1264,7.5P7/4,7.5P,7.0,4,193,170,194
1265,7.5P8/4,7.5P,8.0,4,222,198,222
1266,7.5P2/6,7.5P,2.0,6,68,34,71
1267,7.5P3/6,7.5P,3.0,6,97,60,101
1268,7.5P4/6,7.5P,4.0,6,122,84,124
1269,7.5P5/6,7.5P,5.0,6,149,113,151
1270,7.5P6/6,7.5P,6.0,6,180,141,180
1271,7.5P7/6,7.5P,7.0,6,203,167,203
1272,7.5P8/6,7.5P,8.0,6,230,193,229
1273,7.5P3/8,7.5P,3.0,8,102,49,107
1274,7.5P4/8,7.5P,4.0,8,131,81,134
1275,7.5P5/8,7.5P,5.0,8,156,106,159
1276,7.5P6/8,7.5P,6.0,8,183,133,185
1277,7.5P7/8,7.5P,7.0,8,213,162,213
1278,7.5P3/10,7.5P,3.0,10,108,46,113
1279,7.5P4/10,7.5P,4.0,10,134,72,139
1280,7.5P5/10,7.5P,5.0,10,163,100,164
1281,7.5P6/10,7.5P,6.0,10,190,127,192
1282,7.5P4/12,7.5P,4.0,12,142,66,145
1283,10P2/2,10P,2.0,2,61,46,57
1284,10P3/2,10P,3.0,2,84,65,78
1285,10P4/2,10P,4.0,2,110,93,105
1286,10P5/2,10P,5.0,2,135,120,132
1287,10P6/2,10P,6.0,2,160,144,154
1288,10P7/2,10P,7.0,2,189,174,183
1289,10P8/2,10P,8.0,2,218,205,212
1290,10P9/2,10P,9.0,2,244,231,237
1291,10P2/4,10P,2.0,4,65,37,61
1292,10P3/4,10P,3.0,4,91,60,86
1293,10P4/4,10P,4.0,4,121,90,113
1294,10P5/4,10P,5.0,4,143,113,135
1295,10P6/4,10P,6.0,4,172,143,164
1296,10P7/4,10P,7.0,4,198,169,190
1297,10P8/4,10P,8.0,4,225,195,215
1298,10P2/6,10P,2.0,6,72,27,67
1299,10P3/6,10P,3.0,6,102,54,92
1300,10P4/6,10P,4.0,6,129,82,120
1301,10P5/6,10P,5.0,6,155,110,145
1302,10P6/6,10P,6.0,6,182,136,171
1303,10P7/6,10P,7.0,6,209,164,196
1304,10P8/6,10P,8.0,6,237,191,222
1305,10P3/8,10P,3.0,8,109,47,101
1306,10P4/8,10P,4.0,8,134,74,124
1307,10P5/8,10P,5.0,8,165,104,152
1308,10P6/8,10P,6.0,8,191,131,176
1309,10P7/8,10P,7.0,8,218,157,203
1310,10P3/10,10P,3.0,10,116,38,105
1311,10P4/10,10P,4.0,10,143,68,131
1312,10P5/10,10P,5.0,10,175,98,159
1313,10P6/10,10P,6.0,10,202,125,184
1314,10P4/12,10P,4.0,12,150,59,135
1315,10P5/12,10P,5.0,12,180,88,162
1316,10P2/1,10P,2.0,1,55,47,53
1317,10P3/1,10P,3.0,1,77,68,74
1318,10P4/1,10P,4.0,1,103,94,100
1319,10P5/1,10P,5.0,1,129,121,126
1320,10P6/1,10P,6.0,1,154,146,152
1321,10P7/1,10P,7.0,1,182,174,180
1322,10P8/1,10P,8.0,1,210,203,208
1323,10P9/1,10P,9.0,1,237,231,235
1324,2.5RP2/2,2.5RP,2.0,2,60,42,52
1325,2.5RP3/2,2.5RP,3.0,2,86,64,76
1326,2.5RP4/2,2.5RP,4.0,2,112,92,103
1327,2.5RP5/2,2.5RP,5.0,2,136,119,126
1328,2.5RP6/2,2.5RP,6.0,2,171,151,160
1329,2.5RP7/2,2.5RP,7.0,2,190,174,181
1330,2.5RP8/2,2.5RP,8.0,2,220,205,212
1331,2.5RP9/2,2.5RP,9.0,2,243,227,234
1332,2.5RP2/4,2.5RP,2.0,4,66,36,56
1333,2.5RP3/4,2.5RP,3.0,4,97,58,80
1334,2.5RP4/4,2.5RP,4.0,4,124,87,108
1335,2.5RP5/4,2.5RP,5.0,4,152,116,135
1336,2.5RP6/4,2.5RP,6.0,4,176,143,159
1337,2.5RP7/4,2.5RP,7.0,4,203,168,184
1338,2.5RP8/4,2.5RP,8.0,4,230,195,211
1339,2.5RP2/6,2.5RP,2.0,6,75,23,59
1340,2.5RP3/6,2.5RP,3.0,6,106,54,88
1341,2.5RP4/6,2.5RP,4.0,6,136,81,114
1342,2.5RP5/6,2.5RP,5.0,6,162,110,139
1343,2.5RP6/6,2.5RP,6.0,6,188,135,163
1344,2.5RP7/6,2.5RP,7.0,6,216,162,190
1345,2.5RP8/6,2.5RP,8.0,6,242,190,214
1346,2.5RP2/8,2.5RP,2.0,8,81,19,66
1347,2.5RP3/8,2.5RP,3.0,8,115,45,92
1348,2.5RP4/8,2.5RP,4.0,8,146,74,119
1349,2.5RP5/8,2.5RP,5.0,8,173,100,143
1350,2.5RP6/8,2.5RP,6.0,8,201,129,169
1351,2.5RP7/8,2.5RP,7.0,8,232,156,197
1352,2.5RP3/10,2.5RP,3.0,10,124,36,99
1353,2.5RP4/10,2.5RP,4.0,10,148,63,119
1354,2.5RP5/10,2.5RP,5.0,10,183,92,148
1355,2.5RP6/10,2.5RP,6.0,10,210,120,171
1356,2.5RP7/10,2.5RP,7.0,10,244,155,199
1357,2.5RP4/12,2.5RP,4.0,12,158,56,123
1358,2.5RP5/12,2.5RP,5.0,12,193,85,153
1359,2.5RP6/12,2.5RP,6.0,12,218,113,174
1360,5RP2/2,5RP,2.0,2,63,44,51
1361,5RP3/2,5RP,3.0,2,89,65,74
1362,5RP4/2,5RP,4.0,2,115,92,99
1363,5RP5/2,5RP,5.0,2,139,118,123
1364,5RP6/2,5RP,6.0,2,167,147,152
1365,5RP7/2,5RP,7.0,2,195,176,181
1366,5RP8/2,5RP,8.0,2,221,204,208
1367,5RP9/2,5RP,9.0,2,241,227,230
1368,5RP2/4,5RP,2.0,4,74,37,56
1369,5RP3/4,5RP,3.0,4,101,57,75
1370,5RP4/4,5RP,4.0,4,126,85,100
1371,5RP5/4,5RP,5.0,4,154,115,128
1372,5RP6/4,5RP,6.0,4,181,140,153
1373,5RP7/4,5RP,7.0,4,211,171,183
1374,5RP8/4,5RP,8.0,4,234,197,208
1375,5RP2/6,5RP,2.0,6,81,29,59
1376,5RP3/6,5RP,3.0,6,114,54,82
1377,5RP4/6,5RP,4.0,6,141,80,106
1378,5RP5/6,5RP,5.0,6,167,106,129
1379,5RP6/6,5RP,6.0,6,198,136,156
1380,5RP7/6,5RP,7.0,6,225,164,185
1381,5RP8/6,5RP,8.0,6,250,185,204
1382,5RP2/8,5RP,2.0,8,88,14,60
1383,5RP3/8,5RP,3.0,8,123,41,84
1384,5RP4/8,5RP,4.0,8,153,73,108
1385,5RP5/8,5RP,5.0,8,182,98,131
1386,5RP6/8,5RP,6.0,8,207,129,157
1387,5RP7/8,5RP,7.0,8,237,154,182
1388,5RP3/10,5RP,3.0,10,130,24,85
1389,5RP4/10,5RP,4.0,10,160,62,108
1390,5RP5/10,5RP,5.0,10,193,91,133
1391,5RP6/10,5RP,6.0,10,220,122,161
1392,5RP7/10,5RP,7.0,10,254,147,181
1393,5RP4/12,5RP,4.0,12,169,45,108
1394,5RP5/12,5RP,5.0,12,200,79,133
1395,5RP6/12,5RP,6.0,12,231,111,161
1396,5RP2/1,5RP,2.0,1,57,46,50
1397,5RP3/1,5RP,3.0,1,82,69,73
1398,5RP4/1,5RP,4.0,1,106,96,99
1399,5RP5/1,5RP,5.0,1,131,121,124
1400,5RP6/1,5RP,6.0,1,158,147,150
1401,5RP7/1,5RP,7.0,1,185,174,177
1402,5RP8/1,5RP,8.0,1,209,202,204
1403,5RP9/1,5RP,9.0,1,240,230,232
1404,7.5RP2/2,7.5RP,2.0,2,66,45,52
1405,7.5RP3/2,7.5RP,3.0,2,91,66,72
1406,7.5RP4/2,7.5RP,4.0,2,117,92,97
1407,7.5RP5/2,7.5RP,5.0,2,141,118,122
1408,7.5RP6/2,7.5RP,6.0,2,171,150,153
1409,7.5RP7/2,7.5RP,7.0,2,195,175,178
1410,7.5RP8/2,7.5RP,8.0,2,216,199,201
1411,7.5RP9/2,7.5RP,9.0,2,245,228,231
1412,7.5RP2/4,7.5RP,2.0,4,75,38,53
1413,7.5RP3/4,7.5RP,3.0,4,105,59,73
1414,7.5RP4/4,7.5RP,4.0,4,128,84,95
1415,7.5RP5/4,7.5RP,5.0,4,157,113,123
1416,7.5RP6/4,7.5RP,6.0,4,182,142,150
1417,7.5RP7/4,7.5RP,7.0,4,208,167,175
1418,7.5RP8/4,7.5RP,8.0,4,233,193,201
1419,7.5RP2/6,7.5RP,2.0,6,81,27,52
1420,7.5RP3/6,7.5RP,3.0,6,116,53,74
1421,7.5RP4/6,7.5RP,4.0,6,143,80,99
1422,7.5RP5/6,7.5RP,5.0,6,169,104,121
1423,7.5RP6/6,7.5RP,6.0,6,197,133,148
1424,7.5RP7/6,7.5RP,7.0,6,226,162,176
1425,7.5RP8/6,7.5RP,8.0,6,253,184,200
1426,7.5RP2/8,7.5RP,2.0,8,96,12,56
1427,7.5RP3/8,7.5RP,3.0,8,125,45,78
1428,7.5RP4/8,7.5RP,4.0,8,153,68,96
1429,7.5RP5/8,7.5RP,5.0,8,183,99,123
1430,7.5RP6/8,7.5RP,6.0,8,208,125,146
1431,7.5RP7/8,7.5RP,7.0,8,237,151,172
1432,7.5RP3/10,7.5RP,3.0,10,132,16,73
1433,7.5RP4/10,7.5RP,4.0,10,162,59,97
1434,7.5RP5/10,7.5RP,5.0,10,194,87,120
1435,7.5RP6/10,7.5RP,6.0,10,221,117,146
1436,7.5RP4/12,7.5RP,4.0,12,173,40,97
1437,7.5RP5/12,7.5RP,5.0,12,209,79,122
1438,7.5RP6/12,7.5RP,6.0,12,236,109,146
1439,7.5RP5/14,7.5RP,5.0,14,221,70,124
1440,10RP2/2,10RP,2.0,2,64,43,48
1441,10RP3/2,10RP,3.0,2,92,65,68
1442,10RP4/2,10RP,4.0,2,117,91,93
1443,10RP5/2,10RP,5.0,2,138,118,120
1444,10RP6/2,10RP,6.0,2,166,145,147
1445,10RP7/2,10RP,7.0,2,194,175,176
1446,10RP8/2,10RP,8.0,2,219,201,201
1447,10RP9/2,10RP,9.0,2,246,229,229
1448,10RP2/4,10RP,2.0,4,75,36,49
1449,10RP3/4,10RP,3.0,4,105,58,67
1450,10RP4/4,10RP,4.0,4,131,85,91
1451,10RP5/4,10RP,5.0,4,155,112,117
1452,10RP6/4,10RP,6.0,4,185,140,144
1453,10RP7/4,10RP,7.0,4,210,166,171
1454,10RP8/4,10RP,8.0,4,239,194,198
1455,10RP2/6,10RP,2.0,6,84,28,49
1456,10RP3/6,10RP,3.0,6,116,50,66
1457,10RP4/6,10RP,4.0,6,148,78,91
1458,10RP5/6,10RP,5.0,6,173,106,116
1459,10RP6/6,10RP,6.0,6,201,133,142
1460,10RP7/6,10RP,7.0,6,223,159,166
1461,10RP8/6,10RP,8.0,6,260,187,195
1462,10RP2/8,10RP,2.0,8,91,12,49
1463,10RP3/8,10RP,3.0,8,129,38,65
1464,10RP4/8,10RP,4.0,8,158,67,87
1465,10RP5/8,10RP,5.0,8,186,94,112
1466,10RP6/8,10RP,6.0,8,213,127,139
1467,10RP7/8,10RP,7.0,8,245,154,165
1468,10RP3/10,10RP,3.0,10,136,16,62
1469,10RP4/10,10RP,4.0,10,167,58,86
1470,10RP5/10,10RP,5.0,10,198,87,111
1471,10RP6/10,10RP,6.0,10,225,116,136
1472,10RP4/12,10RP,4.0,12,176,37,82
1473,10RP5/12,10RP,5.0,12,213,77,110
1474,10RP6/12,10RP,6.0,12,242,108,132
1475,10RP4/14,10RP,4.0,14,188,22,86
1476,10RP5/14,10RP,5.0,14,222,63,106
1477,10RP2/1,10RP,2.0,1,55,45,46
1478,10RP3/1,10RP,3.0,1,80,68,69
1479,10RP4/1,10RP,4.0,1,105,92,93
1480,10RP5/1,10RP,5.0,1,131,118,119
1481,10RP6/1,10RP,6.0,1,159,146,147
1482,10RP7/1,10RP,7.0,1,186,175,176
1483,10RP8/1,10RP,8.0,1,212,203,204
1484,10RP9/1,10RP,9.0,1,240,229,230
